{
    "index": {
        "0": 0,
        "1": 1
    },
    "Type": {
        "0": "LightGBMModel",
        "1": "LightGBMModel"
    },
    "Split Type": {
        "0": "External",
        "1": "External"
    },
    "Model Weight": {
        "0": 0.0,
        "1": 1.0
    },
    "booster": {
        "0": "lightgbm",
        "1": "lightgbm"
    },
    "max_depth": {
        "0": 7,
        "1": 7
    },
    "max_leaves": {
        "0": 128,
        "1": 64
    },
    "subsample": {
        "0": 1,
        "1": 0.4
    },
    "colsample_bytree": {
        "0": 0.9,
        "1": 0.9
    },
    "tree_method": {
        "0": "hist",
        "1": "hist"
    },
    "grow_policy": {
        "0": "depthwise",
        "1": "depthwise"
    },
    "random_state": {
        "0": 813439923,
        "1": 813439923
    },
    "learning rate": {
        "0": 0.04,
        "1": 0.04
    },
    "Target Transformer": {
        "0": "str",
        "1": "str"
    },
    "Fitted features": {
        "0": 2,
        "1": 1
    },
    "Fit iterations ": {
        "0": [
            120
        ],
        "1": [
            299
        ]
    },
    "Fit tree/step count ": {
        "0": [
            120
        ],
        "1": [
            299
        ]
    }
}