{
    "Relative Importance": {
        "37_InteractionMul:MonthlyCharges:tenure": 1.0,
        "60_NumToCatTE:MonthlyCharges:tenure.0": 0.02451084
    },
    "Standard Deviation of Relative Importance": {
        "37_InteractionMul:MonthlyCharges:tenure": 0.0,
        "60_NumToCatTE:MonthlyCharges:tenure.0": 0.0
    },
    "Description": {
        "37_InteractionMul:MonthlyCharges:tenure": "[MonthlyCharges] * [tenure]",
        "60_NumToCatTE:MonthlyCharges:tenure.0": "Out-of-fold mean of the response grouped by: ['MonthlyCharges', 'tenure'] using 5 folds [internal:(10, 10, 20)] (numeric columns are bucketed into 10 equally populated bins) [internal:(10, 10, 20)]"
    }
}