{
    "index": {
        "0": 0,
        "1": 1
    },
    "fold_id": {
        "0": 0,
        "1": 0
    },
    "model_id": {
        "0": 0,
        "1": 1
    },
    "base_score": {
        "0": 259887.8125,
        "1": 259887.8125
    },
    "booster": {
        "0": "lightgbm",
        "1": "lightgbm"
    },
    "boosting_type": {
        "0": "dart",
        "1": "dart"
    },
    "colsample_bytree": {
        "0": 0.9,
        "1": 0.9
    },
    "debug_verbose": {
        "0": 0,
        "1": 0
    },
    "early_stopping_rounds": {
        "0": 100,
        "1": 100
    },
    "early_stopping_threshold": {
        "0": 0,
        "1": 0
    },
    "eval_metric": {
        "0": "mape",
        "1": "mape"
    },
    "gamma": {
        "0": 0.001,
        "1": 0.001
    },
    "gpu_id": {
        "0": 0,
        "1": 0
    },
    "grow_policy": {
        "0": "depthwise",
        "1": "depthwise"
    },
    "learning_rate": {
        "0": 0.04,
        "1": 0.04
    },
    "max_bin": {
        "0": 128,
        "1": 128
    },
    "max_delta_step": {
        "0": 0.0,
        "1": 0.0
    },
    "max_depth": {
        "0": 7,
        "1": 7
    },
    "max_drop": {
        "0": 100,
        "1": 100
    },
    "max_leaves": {
        "0": 128,
        "1": 64
    },
    "min_child_samples": {
        "0": 1,
        "1": 1
    },
    "min_child_weight": {
        "0": 1,
        "1": 1
    },
    "min_data_in_bin": {
        "0": 1,
        "1": 1
    },
    "model_origin": {
        "0": "RANDOM",
        "1": "RANDOM"
    },
    "monotonicity_constraints": {
        "0": true,
        "1": true
    },
    "n_estimators": {
        "0": 1800,
        "1": 1800
    },
    "n_gpus": {
        "0": 0,
        "1": 0
    },
    "n_jobs": {
        "0": 4,
        "1": 4
    },
    "num_classes": {
        "0": 1,
        "1": 1
    },
    "objective": {
        "0": "rmse",
        "1": "regression"
    },
    "random_state": {
        "0": 813439923,
        "1": 813439923
    },
    "rate_drop": {
        "0": 0.1,
        "1": 0.2
    },
    "reg_alpha": {
        "0": 0.0,
        "1": 0.0
    },
    "reg_lambda": {
        "0": 5.0,
        "1": 5.0
    },
    "scale_pos_weight": {
        "0": 1.0,
        "1": 1.0
    },
    "score_f_name": {
        "0": "RMSE",
        "1": "RMSE"
    },
    "silent": {
        "0": true,
        "1": true
    },
    "skip_drop": {
        "0": 0.5,
        "1": 0.4
    },
    "subsample": {
        "0": 1.0,
        "1": 0.4
    },
    "subsample_freq": {
        "0": 20,
        "1": 20
    },
    "tree_method": {
        "0": "hist",
        "1": "hist"
    }
}