{
    "Coefficient": {
        "37_InteractionMul:MonthlyCharges:tenure": 4306154880499712.0,
        "60_NumToCatTE:MonthlyCharges:tenure.0": 2498589439819776.0
    },
    "Shift of Coefficient": {
        "37_InteractionMul:MonthlyCharges:tenure": 1568697613287424.0,
        "60_NumToCatTE:MonthlyCharges:tenure.0": 2431492118544384.0
    },
    "Description": {
        "37_InteractionMul:MonthlyCharges:tenure": "[MonthlyCharges] * [tenure]",
        "60_NumToCatTE:MonthlyCharges:tenure.0": "Out-of-fold mean of the response grouped by: ['MonthlyCharges', 'tenure'] using 5 folds [internal:(10, 10, 20)] (numeric columns are bucketed into 10 equally populated bins) [internal:(10, 10, 20)]"
    }
}