{
    "Optimized": {
        "GINI": "",
        "R2": "",
        "MSE": "",
        "RMSLE": "",
        "RMSPE": "",
        "MAE": "",
        "MER": "",
        "MAPE": "",
        "SMAPE": "",
        "RMSE": "*"
    },
    "Better score is": {
        "GINI": "higher",
        "R2": "higher",
        "MSE": "lower",
        "RMSLE": "lower",
        "RMSPE": "lower",
        "MAE": "lower",
        "MER": "lower",
        "MAPE": "lower",
        "SMAPE": "lower",
        "RMSE": "lower"
    },
    "Final ensemble scores on validation (internal or external holdout(s)) data": {
        "GINI": "0.9996",
        "R2": "0.99899",
        "MSE": "5355.9",
        "RMSLE": "0.058534",
        "RMSPE": "0.06071",
        "MAE": "48.253",
        "MER": "2.5879",
        "MAPE": "3.9165",
        "SMAPE": "3.8778",
        "RMSE": "73.184"
    },
    "Final ensemble standard deviation on validation (internal or external holdout(s)) data": {
        "GINI": "1.4459e-05",
        "R2": "4.6455e-05",
        "MSE": "284.13",
        "RMSLE": "0.0016818",
        "RMSPE": "0.0019083",
        "MAE": "1.1208",
        "MER": "0.070446",
        "MAPE": "0.081064",
        "SMAPE": "0.076724",
        "RMSE": "1.948"
    },
    "Final test scores": {
        "GINI": "0.9996",
        "R2": "0.99899",
        "MSE": "5355.9",
        "RMSLE": "0.058534",
        "RMSPE": "0.06071",
        "MAE": "48.253",
        "MER": "2.5879",
        "MAPE": "3.9165",
        "SMAPE": "3.8778",
        "RMSE": "73.184"
    },
    "Final test standard deviation": {
        "GINI": "2.0946e-05",
        "R2": "6.7427e-05",
        "MSE": "397.34",
        "RMSLE": "0.0025749",
        "RMSPE": "0.0029296",
        "MAE": "1.6112",
        "MER": "0.096686",
        "MAPE": "0.12434",
        "SMAPE": "0.11836",
        "RMSE": "2.7359"
    }
}