{
    "Relative Importance": {
        "MonthlyCharges": 1.0,
        "tenure": 0.9999988837,
        "gender": 7.65709e-05,
        "TechSupport": 4.33408e-05,
        "MultipleLines": 4.33408e-05,
        "SeniorCitizen": 3.28099e-05,
        "PhoneService": 3.28099e-05,
        "PaymentMethod": 3.28099e-05,
        "StreamingTV": 0.0,
        "StreamingMovies": 0.0,
        "Partner": 0.0,
        "PaperlessBilling": 0.0,
        "OnlineSecurity": 0.0,
        "OnlineBackup": 0.0,
        "InternetService": 0.0,
        "DeviceProtection": 0.0,
        "Dependents": 0.0,
        "Contract": 0.0,
        "Churn": 0.0
    },
    "Standard Deviation of Relative Importance": {
        "MonthlyCharges": 0.3354570302,
        "tenure": 0.3354570981,
        "gender": 1.26069e-05,
        "TechSupport": 0.0,
        "MultipleLines": 0.0,
        "SeniorCitizen": 0.0,
        "PhoneService": 0.0,
        "PaymentMethod": 0.0,
        "StreamingTV": 0.0,
        "StreamingMovies": 0.0,
        "Partner": 0.0,
        "PaperlessBilling": 0.0,
        "OnlineSecurity": 0.0,
        "OnlineBackup": 0.0,
        "InternetService": 0.0,
        "DeviceProtection": 0.0,
        "Dependents": 0.0,
        "Contract": 0.0,
        "Churn": 0.0
    }
}