{"self": {"_identity": [71], "_config": {"authkey": {}, "semprefix": "/mp"}, "_parent_pid": 150, "_popen": null, "_target": {}, "_args": [{"_maxsize": 2, "_reader": {"_handle": 15, "_readable": true, "_writable": false}, "_writer": {"_handle": 16, "_readable": false, "_writable": true}, "_rlock": {"_semlock": "\"COULDNOTENCODE:<_multiprocessing.SemLock object at 0x7f24edd070a0>\"", "acquire": "\"COULDNOTENCODE:<built-in method acquire of _multiprocessing.SemLock object at 0x7f24edd070a0>\"", "release": "\"COULDNOTENCODE:<built-in method release of _multiprocessing.SemLock object at 0x7f24edd070a0>\""}, "_opid": 150, "_wlock": {"_semlock": "\"COULDNOTENCODE:<_multiprocessing.SemLock object at 0x7f24eed18dc0>\"", "acquire": "\"COULDNOTENCODE:<built-in method acquire of _multiprocessing.SemLock object at 0x7f24eed18dc0>\"", "release": "\"COULDNOTENCODE:<built-in method release of _multiprocessing.SemLock object at 0x7f24eed18dc0>\""}, "_sem": {"_semlock": "\"COULDNOTENCODE:<_multiprocessing.SemLock object at 0x7f24eed18ab0>\"", "acquire": "\"COULDNOTENCODE:<built-in method acquire of _multiprocessing.SemLock object at 0x7f24eed18ab0>\"", "release": "\"COULDNOTENCODE:<built-in method release of _multiprocessing.SemLock object at 0x7f24eed18ab0>\""}, "_ignore_epipe": true, "_notempty": {"_lock": "\"COULDNOTENCODE:<unlocked _thread.lock object at 0x7f24ef9705d0>\"", "acquire": "\"COULDNOTENCODE:<built-in method acquire of _thread.lock object at 0x7f24ef9705d0>\"", "release": "\"COULDNOTENCODE:<built-in method release of _thread.lock object at 0x7f24ef9705d0>\"", "_waiters": "\"COULDNOTENCODE:deque([])\""}, "_buffer": "\"COULDNOTENCODE:deque([])\"", "_thread": null, "_jointhread": null, "_joincancelled": false, "_closed": false, "_close": null, "_send_bytes": {}, "_recv_bytes": {}, "_poll": {}}, {"_reader": {"_handle": 17, "_readable": true, "_writable": false}, "_writer": {"_handle": 18, "_readable": false, "_writable": true}, "_rlock": {"_semlock": "\"COULDNOTENCODE:<_multiprocessing.SemLock object at 0x7f24f42f6f80>\"", "acquire": "\"COULDNOTENCODE:<built-in method acquire of _multiprocessing.SemLock object at 0x7f24f42f6f80>\"", "release": "\"COULDNOTENCODE:<built-in method release of _multiprocessing.SemLock object at 0x7f24f42f6f80>\""}, "_poll": {}, "_wlock": {"_semlock": "\"COULDNOTENCODE:<_multiprocessing.SemLock object at 0x7f24ef979030>\"", "acquire": "\"COULDNOTENCODE:<built-in method acquire of _multiprocessing.SemLock object at 0x7f24ef979030>\"", "release": "\"COULDNOTENCODE:<built-in method release of _multiprocessing.SemLock object at 0x7f24ef979030>\""}}], "_kwargs": {}, "_name": "Process-71"}, "valid_threshold": 0.5, "validation": "external", "RMSE": {"valid_score": 73.18421936035156, "valid_sd": 1.9479786157608032, "maximize": false}}