{
    "job order": {
        "0": 1,
        "1": 0,
        "2": 4,
        "3": 5,
        "4": 2,
        "5": 3
    },
    "transformer": {
        "0": "TargetTransformer_unit_box",
        "1": "TargetTransformer_identity",
        "2": "TargetTransformer_sqrt",
        "3": "TargetTransformer_double_sqrt",
        "4": "TargetTransformer_log",
        "5": "TargetTransformer_square"
    },
    "scores": {
        "0": 92.2275466919,
        "1": 92.23021698,
        "2": 92.3522949219,
        "3": 95.6147537231,
        "4": 97.8363876343,
        "5": 146.7740325928
    },
    "scores_sd": {
        "0": 1.96885252,
        "1": 1.9692937136,
        "2": 1.8160395622,
        "3": 1.9905086756,
        "4": 1.9529877901,
        "5": 5.1264982224
    },
    "job status": {
        "0": "PASSED",
        "1": "PASSED",
        "2": "PASSED",
        "3": "PASSED",
        "4": "PASSED",
        "5": "PASSED"
    },
    "rel_scores": {
        "0": 1.0,
        "1": 0.9999710476,
        "2": 0.9986492135,
        "3": 0.9645744313,
        "4": 0.942671218,
        "5": 0.628364194
    },
    "z-score": {
        "0": 0.0,
        "1": 0.0013562662,
        "2": 0.0633608809,
        "3": 1.7203965238,
        "4": 2.8487867351,
        "5": 27.7047088835
    },
    "isbest": {
        "0": "*",
        "1": "",
        "2": "",
        "3": "",
        "4": "",
        "5": ""
    }
}