{"Data preparation": {"length": 1.8646535873413086, "models": 0, "expected_models": 0}, "Model and feature tuning": {"length": 177.19063448905945, "models": 56, "expected_models": 102}, "Feature evolution": {"length": 121.85792541503906, "models": 120, "expected_models": 128}, "Final pipeline training": {"length": 10.887181520462036, "models": 2, "expected_models": 2}, "Python scorer building": {"length": 21.341266632080078, "models": 0, "expected_models": 0}, "Mojo scorer building": {"length": 1.9073486328125e-06, "models": 0, "expected_models": 0}}