{
    "job order": {
        "0": 39,
        "1": 23,
        "2": 35,
        "3": 20,
        "4": 47,
        "5": 48,
        "6": 36,
        "7": 44,
        "8": 28,
        "9": 19,
        "10": 0,
        "11": 40,
        "12": 18,
        "13": 27,
        "14": 49,
        "15": 24,
        "16": 2,
        "17": 4,
        "18": 6,
        "19": 8,
        "20": 45,
        "21": 43,
        "22": 10,
        "23": 12,
        "24": 14,
        "25": 16,
        "26": 34,
        "27": 32,
        "28": 31,
        "29": 1,
        "30": 3,
        "31": 5,
        "32": 7,
        "33": 9,
        "34": 11,
        "35": 13,
        "36": 15,
        "37": 33,
        "38": 26,
        "39": 25,
        "40": 37,
        "41": 29,
        "42": 17,
        "43": 30,
        "44": 22,
        "45": 46,
        "46": 42,
        "47": 21,
        "48": 38,
        "49": 41
    },
    "job status": {
        "0": "PASSED",
        "1": "PASSED",
        "2": "PASSED",
        "3": "PASSED",
        "4": "PASSED",
        "5": "PASSED",
        "6": "PASSED",
        "7": "PASSED",
        "8": "PASSED",
        "9": "PASSED",
        "10": "PASSED",
        "11": "PASSED",
        "12": "PASSED",
        "13": "PASSED",
        "14": "PASSED",
        "15": "PASSED",
        "16": "PASSED",
        "17": "PASSED",
        "18": "PASSED",
        "19": "PASSED",
        "20": "PASSED",
        "21": "PASSED",
        "22": "PASSED",
        "23": "PASSED",
        "24": "PASSED",
        "25": "PASSED",
        "26": "PASSED",
        "27": "PASSED",
        "28": "PASSED",
        "29": "PASSED",
        "30": "PASSED",
        "31": "PASSED",
        "32": "PASSED",
        "33": "PASSED",
        "34": "PASSED",
        "35": "PASSED",
        "36": "PASSED",
        "37": "PASSED",
        "38": "PASSED",
        "39": "PASSED",
        "40": "PASSED",
        "41": "PASSED",
        "42": "PASSED",
        "43": "PASSED",
        "44": "PASSED",
        "45": "PASSED",
        "46": "PASSED",
        "47": "PASSED",
        "48": "PASSED",
        "49": "PASSED"
    },
    "booster": {
        "0": "gbtree",
        "1": "lightgbm",
        "2": "lightgbm",
        "3": "lightgbm",
        "4": "lightgbm",
        "5": "lightgbm",
        "6": "lightgbm",
        "7": "lightgbm",
        "8": "lightgbm",
        "9": "lightgbm",
        "10": "lightgbm",
        "11": "lightgbm",
        "12": "lightgbm",
        "13": "lightgbm",
        "14": "gbtree",
        "15": "lightgbm",
        "16": "lightgbm",
        "17": "lightgbm",
        "18": "lightgbm",
        "19": "lightgbm",
        "20": "lightgbm",
        "21": "gbtree",
        "22": "lightgbm",
        "23": "lightgbm",
        "24": "lightgbm",
        "25": "lightgbm",
        "26": "gbtree",
        "27": "gbtree",
        "28": "gbtree",
        "29": "lightgbm",
        "30": "lightgbm",
        "31": "lightgbm",
        "32": "lightgbm",
        "33": "lightgbm",
        "34": "lightgbm",
        "35": "lightgbm",
        "36": "lightgbm",
        "37": "gbtree",
        "38": "gbtree",
        "39": "gbtree",
        "40": "lightgbm",
        "41": "lightgbm",
        "42": "gblinear",
        "43": "lightgbm",
        "44": "lightgbm",
        "45": "lightgbm",
        "46": "lightgbm",
        "47": "lightgbm",
        "48": "lightgbm",
        "49": "lightgbm"
    },
    "boosting_type": {
        "0": "gbdt",
        "1": "dart",
        "2": "gbdt",
        "3": "dart",
        "4": "dart",
        "5": "dart",
        "6": "dart",
        "7": "gbdt",
        "8": "rf",
        "9": "gbdt",
        "10": "gbdt",
        "11": "dart",
        "12": "rf",
        "13": "gbdt",
        "14": "gbdt",
        "15": "gbdt",
        "16": "gbdt",
        "17": "gbdt",
        "18": "gbdt",
        "19": "gbdt",
        "20": "rf",
        "21": "gbdt",
        "22": "gbdt",
        "23": "gbdt",
        "24": "gbdt",
        "25": "gbdt",
        "26": "gbdt",
        "27": "gbdt",
        "28": "gbdt",
        "29": "gbdt",
        "30": "gbdt",
        "31": "gbdt",
        "32": "gbdt",
        "33": "gbdt",
        "34": "gbdt",
        "35": "gbdt",
        "36": "gbdt",
        "37": "gbdt",
        "38": "gbdt",
        "39": "gbdt",
        "40": "dart",
        "41": "rf",
        "42": "",
        "43": "rf",
        "44": "rf",
        "45": "dart",
        "46": "rf",
        "47": "dart",
        "48": "rf",
        "49": "rf"
    },
    "colsample_bytree": {
        "0": 0.7,
        "1": 0.55,
        "2": 0.7,
        "3": 0.8,
        "4": 0.9,
        "5": 0.6,
        "6": 0.35,
        "7": 0.65,
        "8": 0.7,
        "9": 0.65,
        "10": 0.8,
        "11": 0.55,
        "12": 0.9,
        "13": 0.9,
        "14": 0.45,
        "15": 0.55,
        "16": 0.65,
        "17": 0.65,
        "18": 0.65,
        "19": 0.65,
        "20": 0.55,
        "21": 0.4,
        "22": 0.65,
        "23": 0.65,
        "24": 0.65,
        "25": 0.65,
        "26": 0.45,
        "27": 0.45,
        "28": 0.4,
        "29": 0.65,
        "30": 0.65,
        "31": 0.65,
        "32": 0.65,
        "33": 0.65,
        "34": 0.65,
        "35": 0.65,
        "36": 0.65,
        "37": 0.3,
        "38": 0.45,
        "39": 0.2,
        "40": 0.7,
        "41": 0.6,
        "42": "",
        "43": 0.3,
        "44": 0.3,
        "45": 0.7,
        "46": 0.7,
        "47": 0.6,
        "48": 0.55,
        "49": 0.9
    },
    "coordinate_selection": {
        "0": "",
        "1": "",
        "2": "",
        "3": "",
        "4": "",
        "5": "",
        "6": "",
        "7": "",
        "8": "",
        "9": "",
        "10": "",
        "11": "",
        "12": "",
        "13": "",
        "14": "",
        "15": "",
        "16": "",
        "17": "",
        "18": "",
        "19": "",
        "20": "",
        "21": "",
        "22": "",
        "23": "",
        "24": "",
        "25": "",
        "26": "",
        "27": "",
        "28": "",
        "29": "",
        "30": "",
        "31": "",
        "32": "",
        "33": "",
        "34": "",
        "35": "",
        "36": "",
        "37": "",
        "38": "",
        "39": "",
        "40": "",
        "41": "",
        "42": "cyclic",
        "43": "",
        "44": "",
        "45": "",
        "46": "",
        "47": "",
        "48": "",
        "49": ""
    },
    "debug_verbose": {
        "0": 0,
        "1": 0,
        "2": 0,
        "3": 0,
        "4": 0,
        "5": 0,
        "6": 0,
        "7": 0,
        "8": 0,
        "9": 0,
        "10": "",
        "11": 0,
        "12": 0,
        "13": 0,
        "14": 0,
        "15": 0,
        "16": 0,
        "17": 0,
        "18": 0,
        "19": 0,
        "20": 0,
        "21": 0,
        "22": 0,
        "23": 0,
        "24": 0,
        "25": 0,
        "26": 0,
        "27": 0,
        "28": 0,
        "29": 0,
        "30": 0,
        "31": 0,
        "32": 0,
        "33": 0,
        "34": 0,
        "35": 0,
        "36": 0,
        "37": 0,
        "38": 0,
        "39": 0,
        "40": 0,
        "41": 0,
        "42": "",
        "43": 0,
        "44": 0,
        "45": 0,
        "46": 0,
        "47": 0,
        "48": 0,
        "49": 0
    },
    "early_stopping_rounds": {
        "0": 10,
        "1": 10,
        "2": 10,
        "3": 10,
        "4": 10,
        "5": 10,
        "6": 10,
        "7": 10,
        "8": 10,
        "9": 10,
        "10": 10,
        "11": 10,
        "12": 10,
        "13": 10,
        "14": 10,
        "15": 10,
        "16": 10,
        "17": 10,
        "18": 10,
        "19": 10,
        "20": 10,
        "21": 10,
        "22": 10,
        "23": 10,
        "24": 10,
        "25": 10,
        "26": 10,
        "27": 10,
        "28": 10,
        "29": 10,
        "30": 10,
        "31": 10,
        "32": 10,
        "33": 10,
        "34": 10,
        "35": 10,
        "36": 10,
        "37": 10,
        "38": 10,
        "39": 10,
        "40": 10,
        "41": 10,
        "42": "",
        "43": 10,
        "44": 10,
        "45": 10,
        "46": 10,
        "47": 10,
        "48": 10,
        "49": 10
    },
    "early_stopping_threshold": {
        "0": 1e-05,
        "1": 1e-05,
        "2": 1e-05,
        "3": 1e-05,
        "4": 1e-05,
        "5": 1e-05,
        "6": 1e-05,
        "7": 1e-05,
        "8": 1e-05,
        "9": 1e-05,
        "10": 1e-05,
        "11": 1e-05,
        "12": 1e-05,
        "13": 1e-05,
        "14": 1e-05,
        "15": 1e-05,
        "16": 1e-05,
        "17": 1e-05,
        "18": 1e-05,
        "19": 1e-05,
        "20": 1e-05,
        "21": 1e-05,
        "22": 1e-05,
        "23": 1e-05,
        "24": 1e-05,
        "25": 1e-05,
        "26": 1e-05,
        "27": 1e-05,
        "28": 1e-05,
        "29": 1e-05,
        "30": 1e-05,
        "31": 1e-05,
        "32": 1e-05,
        "33": 1e-05,
        "34": 1e-05,
        "35": 1e-05,
        "36": 1e-05,
        "37": 1e-05,
        "38": 1e-05,
        "39": 1e-05,
        "40": 1e-05,
        "41": 1e-05,
        "42": "",
        "43": 1e-05,
        "44": 1e-05,
        "45": 1e-05,
        "46": 1e-05,
        "47": 1e-05,
        "48": 1e-05,
        "49": 1e-05
    },
    "eval_metric": {
        "0": "mae",
        "1": "mape",
        "2": "rmse",
        "3": "mae",
        "4": "mse",
        "5": "rmse",
        "6": "mse",
        "7": "rmse",
        "8": "rmse",
        "9": "rmse",
        "10": "rmse",
        "11": "rmse",
        "12": "mae",
        "13": "rmse",
        "14": "rmse",
        "15": "rmse",
        "16": "rmse",
        "17": "rmse",
        "18": "rmse",
        "19": "rmse",
        "20": "mape",
        "21": "rmse",
        "22": "rmse",
        "23": "rmse",
        "24": "rmse",
        "25": "rmse",
        "26": "mae",
        "27": "mae",
        "28": "mae",
        "29": "rmse",
        "30": "rmse",
        "31": "rmse",
        "32": "rmse",
        "33": "rmse",
        "34": "rmse",
        "35": "rmse",
        "36": "rmse",
        "37": "rmse",
        "38": "rmse",
        "39": "mae",
        "40": "mape",
        "41": "mape",
        "42": "rmse",
        "43": "huber",
        "44": "huber",
        "45": "huber",
        "46": "huber",
        "47": "fair",
        "48": "fair",
        "49": "fair"
    },
    "fair_c": {
        "0": "",
        "1": "",
        "2": "",
        "3": "",
        "4": "",
        "5": "",
        "6": "",
        "7": "",
        "8": "",
        "9": "",
        "10": "",
        "11": "",
        "12": "",
        "13": "",
        "14": "",
        "15": "",
        "16": "",
        "17": "",
        "18": "",
        "19": "",
        "20": "",
        "21": "",
        "22": "",
        "23": "",
        "24": "",
        "25": "",
        "26": "",
        "27": "",
        "28": "",
        "29": "",
        "30": "",
        "31": "",
        "32": "",
        "33": "",
        "34": "",
        "35": "",
        "36": "",
        "37": "",
        "38": "",
        "39": "",
        "40": "",
        "41": "",
        "42": "",
        "43": "",
        "44": "",
        "45": "",
        "46": "",
        "47": 0.9,
        "48": 0.9,
        "49": 0.9
    },
    "gamma": {
        "0": 0,
        "1": 0.001,
        "2": 0,
        "3": 0,
        "4": 0,
        "5": 0.001,
        "6": 0,
        "7": 1,
        "8": 0,
        "9": 0.01,
        "10": 0,
        "11": 0,
        "12": 0,
        "13": 0,
        "14": 10,
        "15": 0,
        "16": 1,
        "17": 1,
        "18": 1,
        "19": 1,
        "20": 0,
        "21": 0,
        "22": 1,
        "23": 1,
        "24": 1,
        "25": 1,
        "26": 0.1,
        "27": 0,
        "28": 0,
        "29": 1,
        "30": 1,
        "31": 1,
        "32": 1,
        "33": 1,
        "34": 1,
        "35": 1,
        "36": 1,
        "37": 0.001,
        "38": 0,
        "39": 0,
        "40": 0,
        "41": 0,
        "42": "",
        "43": 0.1,
        "44": 12,
        "45": 0.01,
        "46": 0,
        "47": 0.001,
        "48": 0,
        "49": 0.001
    },
    "gpu_id": {
        "0": 0,
        "1": 0,
        "2": 0,
        "3": 0,
        "4": 0,
        "5": 0,
        "6": 0,
        "7": 0,
        "8": 0,
        "9": 0,
        "10": "",
        "11": 0,
        "12": 0,
        "13": 0,
        "14": 0,
        "15": 0,
        "16": 0,
        "17": 0,
        "18": 0,
        "19": 0,
        "20": 0,
        "21": 0,
        "22": 0,
        "23": 0,
        "24": 0,
        "25": 0,
        "26": 0,
        "27": 0,
        "28": 0,
        "29": 0,
        "30": 0,
        "31": 0,
        "32": 0,
        "33": 0,
        "34": 0,
        "35": 0,
        "36": 0,
        "37": 0,
        "38": 0,
        "39": 0,
        "40": 0,
        "41": 0,
        "42": "",
        "43": 0,
        "44": 0,
        "45": 0,
        "46": 0,
        "47": 0,
        "48": 0,
        "49": 0
    },
    "grow_policy": {
        "0": "lossguide",
        "1": "depthwise",
        "2": "lossguide",
        "3": "depthwise",
        "4": "lossguide",
        "5": "depthwise",
        "6": "depthwise",
        "7": "lossguide",
        "8": "lossguide",
        "9": "lossguide",
        "10": "lossguide",
        "11": "lossguide",
        "12": "depthwise",
        "13": "depthwise",
        "14": "lossguide",
        "15": "lossguide",
        "16": "depthwise",
        "17": "depthwise",
        "18": "depthwise",
        "19": "depthwise",
        "20": "lossguide",
        "21": "lossguide",
        "22": "depthwise",
        "23": "depthwise",
        "24": "depthwise",
        "25": "depthwise",
        "26": "depthwise",
        "27": "lossguide",
        "28": "lossguide",
        "29": "depthwise",
        "30": "depthwise",
        "31": "depthwise",
        "32": "depthwise",
        "33": "depthwise",
        "34": "depthwise",
        "35": "depthwise",
        "36": "depthwise",
        "37": "lossguide",
        "38": "depthwise",
        "39": "lossguide",
        "40": "lossguide",
        "41": "depthwise",
        "42": "",
        "43": "depthwise",
        "44": "depthwise",
        "45": "depthwise",
        "46": "lossguide",
        "47": "lossguide",
        "48": "lossguide",
        "49": "depthwise"
    },
    "learning_rate": {
        "0": 0.1,
        "1": 0.05,
        "2": 0.05,
        "3": 0.05,
        "4": 0.05,
        "5": 0.1,
        "6": 0.05,
        "7": 0.05,
        "8": 0.1,
        "9": 0.05,
        "10": 0.05,
        "11": 0.05,
        "12": 0.05,
        "13": 0.05,
        "14": 0.1,
        "15": 0.1,
        "16": 0.05,
        "17": 0.05,
        "18": 0.05,
        "19": 0.05,
        "20": 0.1,
        "21": 0.05,
        "22": 0.05,
        "23": 0.05,
        "24": 0.05,
        "25": 0.05,
        "26": 0.1,
        "27": 0.1,
        "28": 0.05,
        "29": 0.05,
        "30": 0.05,
        "31": 0.05,
        "32": 0.05,
        "33": 0.05,
        "34": 0.05,
        "35": 0.05,
        "36": 0.05,
        "37": 0.05,
        "38": 0.05,
        "39": 0.1,
        "40": 0.05,
        "41": 0.1,
        "42": 0.5,
        "43": 0.1,
        "44": 0.1,
        "45": 0.05,
        "46": 0.05,
        "47": 0.1,
        "48": 0.05,
        "49": 0.1
    },
    "max_bin": {
        "0": 256,
        "1": 128,
        "2": 64,
        "3": 64,
        "4": 64,
        "5": 64,
        "6": 64,
        "7": 64,
        "8": 128,
        "9": 128,
        "10": 256,
        "11": 64,
        "12": 32,
        "13": 256,
        "14": 64,
        "15": 256,
        "16": 256,
        "17": 256,
        "18": 256,
        "19": 256,
        "20": 32,
        "21": 64,
        "22": 256,
        "23": 256,
        "24": 256,
        "25": 256,
        "26": 64,
        "27": 64,
        "28": 64,
        "29": 256,
        "30": 256,
        "31": 256,
        "32": 256,
        "33": 256,
        "34": 256,
        "35": 256,
        "36": 256,
        "37": 64,
        "38": 256,
        "39": 64,
        "40": 64,
        "41": 64,
        "42": "",
        "43": 64,
        "44": 32,
        "45": 128,
        "46": 256,
        "47": 128,
        "48": 128,
        "49": 32
    },
    "max_delta_step": {
        "0": 0.0,
        "1": 0.0,
        "2": 0.0,
        "3": 0.0,
        "4": 0.0,
        "5": 0.0,
        "6": 0.0,
        "7": 0.0,
        "8": 0.0,
        "9": 0.0,
        "10": 0,
        "11": 0.0,
        "12": 0.0,
        "13": 0.0,
        "14": 0.0,
        "15": 0.0,
        "16": 0.0,
        "17": 0.0,
        "18": 0.0,
        "19": 0.0,
        "20": 0.0,
        "21": 0.0,
        "22": 0.0,
        "23": 0.0,
        "24": 0.0,
        "25": 0.0,
        "26": 0.0,
        "27": 0.0,
        "28": 0.0,
        "29": 0.0,
        "30": 0.0,
        "31": 0.0,
        "32": 0.0,
        "33": 0.0,
        "34": 0.0,
        "35": 0.0,
        "36": 0.0,
        "37": 0.0,
        "38": 0.0,
        "39": 0.0,
        "40": 0.0,
        "41": 0.0,
        "42": "",
        "43": 0.0,
        "44": 0.0,
        "45": 0.0,
        "46": 0.0,
        "47": 0.0,
        "48": 0.0,
        "49": 0.0
    },
    "max_depth": {
        "0": 0.0,
        "1": 6.0,
        "2": 0.0,
        "3": 10.0,
        "4": 0.0,
        "5": 8.0,
        "6": 10.0,
        "7": 0.0,
        "8": 0.0,
        "9": 0.0,
        "10": 0.0,
        "11": 0.0,
        "12": 12.0,
        "13": 5.0,
        "14": 0.0,
        "15": 0.0,
        "16": 6.0,
        "17": 6.0,
        "18": 6.0,
        "19": 6.0,
        "20": 0.0,
        "21": 0.0,
        "22": 6.0,
        "23": 6.0,
        "24": 6.0,
        "25": 6.0,
        "26": 9.0,
        "27": 0.0,
        "28": 0.0,
        "29": 10.0,
        "30": 10.0,
        "31": 10.0,
        "32": 10.0,
        "33": 10.0,
        "34": 10.0,
        "35": 10.0,
        "36": 10.0,
        "37": 0.0,
        "38": 7.0,
        "39": 0.0,
        "40": 0.0,
        "41": 10.0,
        "42": 0.0,
        "43": 10.0,
        "44": 12.0,
        "45": 6.0,
        "46": 0.0,
        "47": 0.0,
        "48": 0.0,
        "49": 12.0
    },
    "max_drop": {
        "0": "",
        "1": 100,
        "2": 50,
        "3": 200,
        "4": 200,
        "5": 200,
        "6": 200,
        "7": 200,
        "8": 100,
        "9": 200,
        "10": "",
        "11": 100,
        "12": 100,
        "13": 100,
        "14": "",
        "15": 100,
        "16": 200,
        "17": 200,
        "18": 200,
        "19": 200,
        "20": 200,
        "21": "",
        "22": 200,
        "23": 200,
        "24": 200,
        "25": 200,
        "26": "",
        "27": "",
        "28": "",
        "29": 200,
        "30": 200,
        "31": 200,
        "32": 200,
        "33": 200,
        "34": 200,
        "35": 200,
        "36": 200,
        "37": "",
        "38": "",
        "39": "",
        "40": 100,
        "41": 200,
        "42": "",
        "43": 100,
        "44": 100,
        "45": 50,
        "46": 100,
        "47": 100,
        "48": 50,
        "49": 100
    },
    "max_leaves": {
        "0": 32.0,
        "1": 0.0,
        "2": 1024.0,
        "3": 0.0,
        "4": 16.0,
        "5": 0.0,
        "6": 0.0,
        "7": 1024.0,
        "8": 128.0,
        "9": 32.0,
        "10": 64.0,
        "11": 1024.0,
        "12": 0.0,
        "13": 0.0,
        "14": 1024.0,
        "15": 128.0,
        "16": 0.0,
        "17": 0.0,
        "18": 0.0,
        "19": 0.0,
        "20": 4096.0,
        "21": 16.0,
        "22": 0.0,
        "23": 0.0,
        "24": 0.0,
        "25": 0.0,
        "26": 0.0,
        "27": 16.0,
        "28": 32.0,
        "29": 0.0,
        "30": 0.0,
        "31": 0.0,
        "32": 0.0,
        "33": 0.0,
        "34": 0.0,
        "35": 0.0,
        "36": 0.0,
        "37": 32.0,
        "38": 0.0,
        "39": 256.0,
        "40": 1024.0,
        "41": 0.0,
        "42": 0.0,
        "43": 0.0,
        "44": 0.0,
        "45": 0.0,
        "46": 64.0,
        "47": 16.0,
        "48": 512.0,
        "49": 0.0
    },
    "min_child_samples": {
        "0": 1,
        "1": 50,
        "2": 1,
        "3": 1,
        "4": 1,
        "5": 1,
        "6": 5,
        "7": 1,
        "8": 25,
        "9": 10,
        "10": 1,
        "11": 1,
        "12": 1,
        "13": 50,
        "14": 1,
        "15": 5,
        "16": 1,
        "17": 1,
        "18": 1,
        "19": 1,
        "20": 1,
        "21": 1,
        "22": 1,
        "23": 1,
        "24": 1,
        "25": 1,
        "26": 1,
        "27": 1,
        "28": 1,
        "29": 1,
        "30": 1,
        "31": 1,
        "32": 1,
        "33": 1,
        "34": 1,
        "35": 1,
        "36": 1,
        "37": 1,
        "38": 1,
        "39": 1,
        "40": 5,
        "41": 1,
        "42": "",
        "43": 1,
        "44": 1,
        "45": 25,
        "46": 5,
        "47": 25,
        "48": 10,
        "49": 1
    },
    "min_child_weight": {
        "0": 1,
        "1": 1,
        "2": 1,
        "3": 1,
        "4": 1,
        "5": 1,
        "6": 1,
        "7": 1,
        "8": 1,
        "9": 1,
        "10": 1,
        "11": 1,
        "12": 1,
        "13": 1,
        "14": 1,
        "15": 1,
        "16": 1,
        "17": 1,
        "18": 1,
        "19": 1,
        "20": 1,
        "21": 1,
        "22": 1,
        "23": 1,
        "24": 1,
        "25": 1,
        "26": 1,
        "27": 1,
        "28": 1,
        "29": 1,
        "30": 1,
        "31": 1,
        "32": 1,
        "33": 1,
        "34": 1,
        "35": 1,
        "36": 1,
        "37": 1,
        "38": 1,
        "39": 1,
        "40": 1,
        "41": 1,
        "42": "",
        "43": 1,
        "44": 1,
        "45": 1,
        "46": 1,
        "47": 1,
        "48": 1,
        "49": 1
    },
    "min_data_in_bin": {
        "0": 1,
        "1": 1,
        "2": 3,
        "3": 1,
        "4": 1,
        "5": 3,
        "6": 5,
        "7": 5,
        "8": 10,
        "9": 10,
        "10": 1,
        "11": 1,
        "12": 1,
        "13": 10,
        "14": 1,
        "15": 1,
        "16": 5,
        "17": 5,
        "18": 5,
        "19": 5,
        "20": 1,
        "21": 1,
        "22": 5,
        "23": 5,
        "24": 5,
        "25": 5,
        "26": 1,
        "27": 1,
        "28": 1,
        "29": 5,
        "30": 5,
        "31": 5,
        "32": 5,
        "33": 5,
        "34": 5,
        "35": 5,
        "36": 5,
        "37": 1,
        "38": 1,
        "39": 1,
        "40": 1,
        "41": 5,
        "42": "",
        "43": 5,
        "44": 1,
        "45": 5,
        "46": 5,
        "47": 5,
        "48": 1,
        "49": 1
    },
    "min_lambda_fraction": {
        "0": "",
        "1": "",
        "2": "",
        "3": "",
        "4": "",
        "5": "",
        "6": "",
        "7": "",
        "8": "",
        "9": "",
        "10": "",
        "11": "",
        "12": "",
        "13": "",
        "14": "",
        "15": "",
        "16": "",
        "17": "",
        "18": "",
        "19": "",
        "20": "",
        "21": "",
        "22": "",
        "23": "",
        "24": "",
        "25": "",
        "26": "",
        "27": "",
        "28": "",
        "29": "",
        "30": "",
        "31": "",
        "32": "",
        "33": "",
        "34": "",
        "35": "",
        "36": "",
        "37": "",
        "38": "",
        "39": "",
        "40": "",
        "41": "",
        "42": 1e-06,
        "43": "",
        "44": "",
        "45": "",
        "46": "",
        "47": "",
        "48": "",
        "49": ""
    },
    "model_origin": {
        "0": "RANDOM",
        "1": "RANDOM",
        "2": "RANDOM",
        "3": "RANDOM",
        "4": "RANDOM",
        "5": "RANDOM",
        "6": "RANDOM",
        "7": "SEQUENCE",
        "8": "RANDOM",
        "9": "RANDOM",
        "10": "ORIG",
        "11": "RANDOM",
        "12": "RANDOM",
        "13": "RANDOM",
        "14": "SEQUENCE",
        "15": "RANDOM",
        "16": "DefaultIndiv: do_te:False,interp:11,depth:6,num_as_cat:False",
        "17": "DefaultIndiv: do_te:False,interp:7,depth:6,num_as_cat:False",
        "18": "DefaultIndiv: do_te:True,interp:11,depth:6,num_as_cat:False",
        "19": "DefaultIndiv: do_te:True,interp:7,depth:6,num_as_cat:False",
        "20": "RANDOM",
        "21": "RANDOM",
        "22": "DefaultIndiv: do_te:False,interp:11,depth:6,num_as_cat:True",
        "23": "DefaultIndiv: do_te:False,interp:7,depth:6,num_as_cat:True",
        "24": "DefaultIndiv: do_te:True,interp:11,depth:6,num_as_cat:True",
        "25": "DefaultIndiv: do_te:True,interp:7,depth:6,num_as_cat:True",
        "26": "RANDOM",
        "27": "RANDOM",
        "28": "RANDOM",
        "29": "DefaultIndiv: do_te:False,interp:11,depth:10,num_as_cat:False",
        "30": "DefaultIndiv: do_te:False,interp:7,depth:10,num_as_cat:False",
        "31": "DefaultIndiv: do_te:True,interp:11,depth:10,num_as_cat:False",
        "32": "DefaultIndiv: do_te:True,interp:7,depth:10,num_as_cat:False",
        "33": "DefaultIndiv: do_te:False,interp:11,depth:10,num_as_cat:True",
        "34": "DefaultIndiv: do_te:False,interp:7,depth:10,num_as_cat:True",
        "35": "DefaultIndiv: do_te:True,interp:11,depth:10,num_as_cat:True",
        "36": "DefaultIndiv: do_te:True,interp:7,depth:10,num_as_cat:True",
        "37": "RANDOM",
        "38": "RANDOM",
        "39": "RANDOM",
        "40": "RANDOM",
        "41": "RANDOM",
        "42": "GLM_OHE",
        "43": "RANDOM",
        "44": "RANDOM",
        "45": "RANDOM",
        "46": "RANDOM",
        "47": "RANDOM",
        "48": "RANDOM",
        "49": "RANDOM"
    },
    "monotonicity_constraints": {
        "0": true,
        "1": true,
        "2": true,
        "3": true,
        "4": true,
        "5": true,
        "6": true,
        "7": true,
        "8": true,
        "9": true,
        "10": "",
        "11": true,
        "12": true,
        "13": true,
        "14": true,
        "15": true,
        "16": true,
        "17": true,
        "18": true,
        "19": true,
        "20": true,
        "21": true,
        "22": true,
        "23": true,
        "24": true,
        "25": true,
        "26": true,
        "27": true,
        "28": true,
        "29": true,
        "30": true,
        "31": true,
        "32": true,
        "33": true,
        "34": true,
        "35": true,
        "36": true,
        "37": true,
        "38": true,
        "39": true,
        "40": true,
        "41": true,
        "42": "",
        "43": true,
        "44": true,
        "45": true,
        "46": true,
        "47": true,
        "48": true,
        "49": true
    },
    "n_estimators": {
        "0": 600,
        "1": 600,
        "2": 600,
        "3": 600,
        "4": 600,
        "5": 600,
        "6": 600,
        "7": 600,
        "8": 600,
        "9": 600,
        "10": 600,
        "11": 600,
        "12": 600,
        "13": 600,
        "14": 600,
        "15": 600,
        "16": 600,
        "17": 600,
        "18": 600,
        "19": 600,
        "20": 600,
        "21": 600,
        "22": 600,
        "23": 600,
        "24": 600,
        "25": 600,
        "26": 600,
        "27": 600,
        "28": 600,
        "29": 600,
        "30": 600,
        "31": 600,
        "32": 600,
        "33": 600,
        "34": 600,
        "35": 600,
        "36": 600,
        "37": 600,
        "38": 600,
        "39": 600,
        "40": 600,
        "41": 600,
        "42": "",
        "43": 600,
        "44": 600,
        "45": 600,
        "46": 600,
        "47": 600,
        "48": 600,
        "49": 600
    },
    "n_gpus": {
        "0": 0,
        "1": 0,
        "2": 0,
        "3": 0,
        "4": 0,
        "5": 0,
        "6": 0,
        "7": 0,
        "8": 0,
        "9": 0,
        "10": "",
        "11": 0,
        "12": 0,
        "13": 0,
        "14": 0,
        "15": 0,
        "16": 0,
        "17": 0,
        "18": 0,
        "19": 0,
        "20": 0,
        "21": 0,
        "22": 0,
        "23": 0,
        "24": 0,
        "25": 0,
        "26": 0,
        "27": 0,
        "28": 0,
        "29": 0,
        "30": 0,
        "31": 0,
        "32": 0,
        "33": 0,
        "34": 0,
        "35": 0,
        "36": 0,
        "37": 0,
        "38": 0,
        "39": 0,
        "40": 0,
        "41": 0,
        "42": "",
        "43": 0,
        "44": 0,
        "45": 0,
        "46": 0,
        "47": 0,
        "48": 0,
        "49": 0
    },
    "n_lambda": {
        "0": "",
        "1": "",
        "2": "",
        "3": "",
        "4": "",
        "5": "",
        "6": "",
        "7": "",
        "8": "",
        "9": "",
        "10": "",
        "11": "",
        "12": "",
        "13": "",
        "14": "",
        "15": "",
        "16": "",
        "17": "",
        "18": "",
        "19": "",
        "20": "",
        "21": "",
        "22": "",
        "23": "",
        "24": "",
        "25": "",
        "26": "",
        "27": "",
        "28": "",
        "29": "",
        "30": "",
        "31": "",
        "32": "",
        "33": "",
        "34": "",
        "35": "",
        "36": "",
        "37": "",
        "38": "",
        "39": "",
        "40": "",
        "41": "",
        "42": 30,
        "43": "",
        "44": "",
        "45": "",
        "46": "",
        "47": "",
        "48": "",
        "49": ""
    },
    "num_classes": {
        "0": 1,
        "1": 1,
        "2": 1,
        "3": 1,
        "4": 1,
        "5": 1,
        "6": 1,
        "7": 1,
        "8": 1,
        "9": 1,
        "10": 1,
        "11": 1,
        "12": 1,
        "13": 1,
        "14": 1,
        "15": 1,
        "16": 1,
        "17": 1,
        "18": 1,
        "19": 1,
        "20": 1,
        "21": 1,
        "22": 1,
        "23": 1,
        "24": 1,
        "25": 1,
        "26": 1,
        "27": 1,
        "28": 1,
        "29": 1,
        "30": 1,
        "31": 1,
        "32": 1,
        "33": 1,
        "34": 1,
        "35": 1,
        "36": 1,
        "37": 1,
        "38": 1,
        "39": 1,
        "40": 1,
        "41": 1,
        "42": "",
        "43": 1,
        "44": 1,
        "45": 1,
        "46": 1,
        "47": 1,
        "48": 1,
        "49": 1
    },
    "objective": {
        "0": "reg:linear",
        "1": "regression",
        "2": "rmse",
        "3": "regression",
        "4": "regression",
        "5": "regression",
        "6": "regression",
        "7": "rmse",
        "8": "mae",
        "9": "regression",
        "10": "reg:linear",
        "11": "regression",
        "12": "rmse",
        "13": "regression",
        "14": "reg:linear",
        "15": "mae",
        "16": "rmse",
        "17": "rmse",
        "18": "rmse",
        "19": "rmse",
        "20": "regression",
        "21": "reg:linear",
        "22": "rmse",
        "23": "rmse",
        "24": "rmse",
        "25": "rmse",
        "26": "reg:linear",
        "27": "reg:linear",
        "28": "reg:linear",
        "29": "rmse",
        "30": "rmse",
        "31": "rmse",
        "32": "rmse",
        "33": "rmse",
        "34": "rmse",
        "35": "rmse",
        "36": "rmse",
        "37": "reg:linear",
        "38": "reg:linear",
        "39": "reg:linear",
        "40": "mape",
        "41": "mape",
        "42": "reg:linear",
        "43": "huber",
        "44": "huber",
        "45": "huber",
        "46": "huber",
        "47": "fair",
        "48": "fair",
        "49": "fair"
    },
    "random_state": {
        "0": 813439923,
        "1": 813439923,
        "2": 813439923,
        "3": 813439923,
        "4": 813439923,
        "5": 813439923,
        "6": 813439923,
        "7": 813439923,
        "8": 813439923,
        "9": 813439923,
        "10": 813439923,
        "11": 813439923,
        "12": 813439923,
        "13": 813439923,
        "14": 813439923,
        "15": 813439923,
        "16": 813439923,
        "17": 813439923,
        "18": 813439923,
        "19": 813439923,
        "20": 813439923,
        "21": 813439923,
        "22": 813439923,
        "23": 813439923,
        "24": 813439923,
        "25": 813439923,
        "26": 813439923,
        "27": 813439923,
        "28": 813439923,
        "29": 813439923,
        "30": 813439923,
        "31": 813439923,
        "32": 813439923,
        "33": 813439923,
        "34": 813439923,
        "35": 813439923,
        "36": 813439923,
        "37": 813439923,
        "38": 813439923,
        "39": 813439923,
        "40": 813439923,
        "41": 813439923,
        "42": "",
        "43": 813439923,
        "44": 813439923,
        "45": 813439923,
        "46": 813439923,
        "47": 813439923,
        "48": 813439923,
        "49": 813439923
    },
    "rate_drop": {
        "0": "",
        "1": 0.05,
        "2": 0.01,
        "3": 0.1,
        "4": 0.01,
        "5": 0.01,
        "6": 0.2,
        "7": 0.1,
        "8": 0.2,
        "9": 0.01,
        "10": "",
        "11": 0.01,
        "12": 0.01,
        "13": 0.2,
        "14": "",
        "15": 0.05,
        "16": 0.1,
        "17": 0.1,
        "18": 0.1,
        "19": 0.1,
        "20": 0.1,
        "21": "",
        "22": 0.1,
        "23": 0.1,
        "24": 0.1,
        "25": 0.1,
        "26": "",
        "27": "",
        "28": "",
        "29": 0.1,
        "30": 0.1,
        "31": 0.1,
        "32": 0.1,
        "33": 0.1,
        "34": 0.1,
        "35": 0.1,
        "36": 0.1,
        "37": "",
        "38": "",
        "39": "",
        "40": 0.2,
        "41": 0.01,
        "42": "",
        "43": 0.1,
        "44": 0.2,
        "45": 0.05,
        "46": 0.1,
        "47": 0.2,
        "48": 0.05,
        "49": 0.01
    },
    "reg_alpha": {
        "0": 0.0,
        "1": 0.0,
        "2": 0.0,
        "3": 0.0,
        "4": 0.0,
        "5": 0.0,
        "6": 0.0,
        "7": 0.0,
        "8": 0.0,
        "9": 0.0,
        "10": 0.0,
        "11": 0.0,
        "12": 0.0,
        "13": 0.0,
        "14": 0.0,
        "15": 0.0,
        "16": 0.0,
        "17": 0.0,
        "18": 0.0,
        "19": 0.0,
        "20": 0.0,
        "21": 0.0,
        "22": 0.0,
        "23": 0.0,
        "24": 0.0,
        "25": 0.0,
        "26": 0.0,
        "27": 0.0,
        "28": 0.0,
        "29": 0.0,
        "30": 0.0,
        "31": 0.0,
        "32": 0.0,
        "33": 0.0,
        "34": 0.0,
        "35": 0.0,
        "36": 0.0,
        "37": 0.0,
        "38": 0.0,
        "39": 0.0,
        "40": 0.0,
        "41": 0.0,
        "42": 0.025,
        "43": 0.0,
        "44": 0.0,
        "45": 0.0,
        "46": 0.0,
        "47": 0.0,
        "48": 10.0,
        "49": 0.0
    },
    "reg_lambda": {
        "0": 1.0,
        "1": 0.5,
        "2": 5.0,
        "3": 5.0,
        "4": 0.5,
        "5": 2.0,
        "6": 10.0,
        "7": 5.0,
        "8": 2.0,
        "9": 5.0,
        "10": 1.0,
        "11": 10.0,
        "12": 10.0,
        "13": 5.0,
        "14": 2.0,
        "15": 0.1,
        "16": 5.0,
        "17": 5.0,
        "18": 5.0,
        "19": 5.0,
        "20": 1.0,
        "21": 2.0,
        "22": 5.0,
        "23": 5.0,
        "24": 5.0,
        "25": 5.0,
        "26": 2.0,
        "27": 0.5,
        "28": 1.0,
        "29": 5.0,
        "30": 5.0,
        "31": 5.0,
        "32": 5.0,
        "33": 5.0,
        "34": 5.0,
        "35": 5.0,
        "36": 5.0,
        "37": 5.0,
        "38": 0.5,
        "39": 1.0,
        "40": 1.0,
        "41": 0.1,
        "42": 0.05,
        "43": 0.5,
        "44": 0.5,
        "45": 1.0,
        "46": 1.0,
        "47": 10.0,
        "48": 0.0,
        "49": 10.0
    },
    "scale_pos_weight": {
        "0": 1.0,
        "1": 1.0,
        "2": 1.0,
        "3": 1.0,
        "4": 1.0,
        "5": 1.0,
        "6": 1.0,
        "7": 1.0,
        "8": 1.0,
        "9": 1.0,
        "10": 1,
        "11": 1.0,
        "12": 1.0,
        "13": 1.0,
        "14": 1.0,
        "15": 1.0,
        "16": 1.0,
        "17": 1.0,
        "18": 1.0,
        "19": 1.0,
        "20": 1.0,
        "21": 1.0,
        "22": 1.0,
        "23": 1.0,
        "24": 1.0,
        "25": 1.0,
        "26": 1.0,
        "27": 1.0,
        "28": 1.0,
        "29": 1.0,
        "30": 1.0,
        "31": 1.0,
        "32": 1.0,
        "33": 1.0,
        "34": 1.0,
        "35": 1.0,
        "36": 1.0,
        "37": 1.0,
        "38": 1.0,
        "39": 1.0,
        "40": 1.0,
        "41": 1.0,
        "42": "",
        "43": 1.0,
        "44": 1.0,
        "45": 1.0,
        "46": 1.0,
        "47": 1.0,
        "48": 1.0,
        "49": 1.0
    },
    "score_f_name": {
        "0": "RMSE",
        "1": "RMSE",
        "2": "RMSE",
        "3": "RMSE",
        "4": "RMSE",
        "5": "RMSE",
        "6": "RMSE",
        "7": "RMSE",
        "8": "RMSE",
        "9": "RMSE",
        "10": "RMSE",
        "11": "RMSE",
        "12": "RMSE",
        "13": "RMSE",
        "14": "RMSE",
        "15": "RMSE",
        "16": "RMSE",
        "17": "RMSE",
        "18": "RMSE",
        "19": "RMSE",
        "20": "RMSE",
        "21": "RMSE",
        "22": "RMSE",
        "23": "RMSE",
        "24": "RMSE",
        "25": "RMSE",
        "26": "RMSE",
        "27": "RMSE",
        "28": "RMSE",
        "29": "RMSE",
        "30": "RMSE",
        "31": "RMSE",
        "32": "RMSE",
        "33": "RMSE",
        "34": "RMSE",
        "35": "RMSE",
        "36": "RMSE",
        "37": "RMSE",
        "38": "RMSE",
        "39": "RMSE",
        "40": "RMSE",
        "41": "RMSE",
        "42": "",
        "43": "RMSE",
        "44": "RMSE",
        "45": "RMSE",
        "46": "RMSE",
        "47": "RMSE",
        "48": "RMSE",
        "49": "RMSE"
    },
    "silent": {
        "0": true,
        "1": true,
        "2": true,
        "3": true,
        "4": true,
        "5": true,
        "6": true,
        "7": true,
        "8": true,
        "9": true,
        "10": "",
        "11": true,
        "12": true,
        "13": true,
        "14": true,
        "15": true,
        "16": true,
        "17": true,
        "18": true,
        "19": true,
        "20": true,
        "21": true,
        "22": true,
        "23": true,
        "24": true,
        "25": true,
        "26": true,
        "27": true,
        "28": true,
        "29": true,
        "30": true,
        "31": true,
        "32": true,
        "33": true,
        "34": true,
        "35": true,
        "36": true,
        "37": true,
        "38": true,
        "39": true,
        "40": true,
        "41": true,
        "42": "",
        "43": true,
        "44": true,
        "45": true,
        "46": true,
        "47": true,
        "48": true,
        "49": true
    },
    "skip_drop": {
        "0": "",
        "1": 0.4,
        "2": 0.6,
        "3": 0.6,
        "4": 0.6,
        "5": 0.4,
        "6": 0.5,
        "7": 0.6,
        "8": 0.4,
        "9": 0.4,
        "10": "",
        "11": 0.4,
        "12": 0.5,
        "13": 0.6,
        "14": "",
        "15": 0.6,
        "16": 0.6,
        "17": 0.6,
        "18": 0.6,
        "19": 0.6,
        "20": 0.4,
        "21": "",
        "22": 0.6,
        "23": 0.6,
        "24": 0.6,
        "25": 0.6,
        "26": "",
        "27": "",
        "28": "",
        "29": 0.6,
        "30": 0.6,
        "31": 0.6,
        "32": 0.6,
        "33": 0.6,
        "34": 0.6,
        "35": 0.6,
        "36": 0.6,
        "37": "",
        "38": "",
        "39": "",
        "40": 0.6,
        "41": 0.5,
        "42": "",
        "43": 0.5,
        "44": 0.5,
        "45": 0.4,
        "46": 0.4,
        "47": 0.4,
        "48": 0.4,
        "49": 0.4
    },
    "subsample": {
        "0": 0.7,
        "1": 0.4,
        "2": 1,
        "3": 0.4,
        "4": 1,
        "5": 1,
        "6": 0.6,
        "7": 0.6,
        "8": 0.6,
        "9": 0.7,
        "10": 0.7,
        "11": 0.6,
        "12": 0.8,
        "13": 0.4,
        "14": 0.7,
        "15": 0.6,
        "16": 0.6,
        "17": 0.6,
        "18": 0.6,
        "19": 0.6,
        "20": 0.6,
        "21": 0.7,
        "22": 0.6,
        "23": 0.6,
        "24": 0.6,
        "25": 0.6,
        "26": 0.9,
        "27": 0.5,
        "28": 0.7,
        "29": 0.6,
        "30": 0.6,
        "31": 0.6,
        "32": 0.6,
        "33": 0.6,
        "34": 0.6,
        "35": 0.6,
        "36": 0.6,
        "37": 0.5,
        "38": 0.6,
        "39": 0.7,
        "40": 0.4,
        "41": 0.6,
        "42": "",
        "43": 0.5,
        "44": 0.6,
        "45": 0.9,
        "46": 0.8,
        "47": 1,
        "48": 1,
        "49": 0.7
    },
    "subsample_freq": {
        "0": "",
        "1": 20,
        "2": 20,
        "3": 20,
        "4": 20,
        "5": 10,
        "6": 10,
        "7": 20,
        "8": 5,
        "9": 1,
        "10": "",
        "11": 20,
        "12": 5,
        "13": 5,
        "14": "",
        "15": 1,
        "16": 20,
        "17": 20,
        "18": 20,
        "19": 20,
        "20": 20,
        "21": "",
        "22": 20,
        "23": 20,
        "24": 20,
        "25": 20,
        "26": "",
        "27": "",
        "28": "",
        "29": 20,
        "30": 20,
        "31": 20,
        "32": 20,
        "33": 20,
        "34": 20,
        "35": 20,
        "36": 20,
        "37": "",
        "38": "",
        "39": "",
        "40": 1,
        "41": 1,
        "42": "",
        "43": 20,
        "44": 1,
        "45": 1,
        "46": 5,
        "47": 20,
        "48": 10,
        "49": 5
    },
    "tolerance": {
        "0": "",
        "1": "",
        "2": "",
        "3": "",
        "4": "",
        "5": "",
        "6": "",
        "7": "",
        "8": "",
        "9": "",
        "10": "",
        "11": "",
        "12": "",
        "13": "",
        "14": "",
        "15": "",
        "16": "",
        "17": "",
        "18": "",
        "19": "",
        "20": "",
        "21": "",
        "22": "",
        "23": "",
        "24": "",
        "25": "",
        "26": "",
        "27": "",
        "28": "",
        "29": "",
        "30": "",
        "31": "",
        "32": "",
        "33": "",
        "34": "",
        "35": "",
        "36": "",
        "37": "",
        "38": "",
        "39": "",
        "40": "",
        "41": "",
        "42": 0.0005,
        "43": "",
        "44": "",
        "45": "",
        "46": "",
        "47": "",
        "48": "",
        "49": ""
    },
    "tree_method": {
        "0": "hist",
        "1": "hist",
        "2": "hist",
        "3": "hist",
        "4": "hist",
        "5": "hist",
        "6": "hist",
        "7": "hist",
        "8": "hist",
        "9": "hist",
        "10": "hist",
        "11": "hist",
        "12": "hist",
        "13": "hist",
        "14": "hist",
        "15": "hist",
        "16": "hist",
        "17": "hist",
        "18": "hist",
        "19": "hist",
        "20": "hist",
        "21": "hist",
        "22": "hist",
        "23": "hist",
        "24": "hist",
        "25": "hist",
        "26": "hist",
        "27": "hist",
        "28": "hist",
        "29": "hist",
        "30": "hist",
        "31": "hist",
        "32": "hist",
        "33": "hist",
        "34": "hist",
        "35": "hist",
        "36": "hist",
        "37": "hist",
        "38": "hist",
        "39": "hist",
        "40": "hist",
        "41": "hist",
        "42": "auto",
        "43": "hist",
        "44": "hist",
        "45": "hist",
        "46": "hist",
        "47": "hist",
        "48": "hist",
        "49": "hist"
    },
    "scores": {
        "0": 82.6240310669,
        "1": 83.1163864136,
        "2": 83.7146072388,
        "3": 83.854850769,
        "4": 84.2389297485,
        "5": 85.8895721436,
        "6": 86.0776443481,
        "7": 88.0191726685,
        "8": 89.1583251953,
        "9": 90.4280166626,
        "10": 92.2275466919,
        "11": 92.4284820557,
        "12": 95.0630950928,
        "13": 98.0666122437,
        "14": 98.1966705322,
        "15": 98.3269042969,
        "16": 98.6477966309,
        "17": 98.6477966309,
        "18": 98.6477966309,
        "19": 98.6477966309,
        "20": 100.9077224731,
        "21": 102.2810134888,
        "22": 108.9543457031,
        "23": 108.9543457031,
        "24": 108.9543457031,
        "25": 108.9543457031,
        "26": 109.7105789185,
        "27": 115.7850646973,
        "28": 119.3570632935,
        "29": 120.9012451172,
        "30": 120.9012451172,
        "31": 120.9012451172,
        "32": 120.9012451172,
        "33": 124.1745529175,
        "34": 124.1745529175,
        "35": 124.1745529175,
        "36": 124.1745529175,
        "37": 126.5020751953,
        "38": 138.5114746094,
        "39": 163.9043273926,
        "40": 199.7602233887,
        "41": 550.8447265625,
        "42": 596.4795532227,
        "43": 2294.6704101562,
        "44": 2294.6909179688,
        "45": 2294.8615722656,
        "46": 2294.8630371094,
        "47": 2295.0549316406,
        "48": 2295.0549316406,
        "49": 2295.0549316406
    },
    "scores_sd": {
        "0": 1.8070582151,
        "1": 2.2434382439,
        "2": 1.9616370201,
        "3": 1.8416689634,
        "4": 1.876039505,
        "5": 2.3464736938,
        "6": 2.0453629494,
        "7": 2.055719614,
        "8": 1.7382068634,
        "9": 1.6634600163,
        "10": 1.96885252,
        "11": 1.9889359474,
        "12": 2.1998751163,
        "13": 2.1701984406,
        "14": 1.9595720768,
        "15": 1.9773974419,
        "16": 1.9239138365,
        "17": 2.2866361141,
        "18": 2.111574173,
        "19": 2.1069104671,
        "20": 2.1628832817,
        "21": 2.2970483303,
        "22": 3.5418424606,
        "23": 3.4964110851,
        "24": 3.8174600601,
        "25": 3.6172177792,
        "26": 2.7475903034,
        "27": 2.5516893864,
        "28": 3.226164341,
        "29": 2.7583091259,
        "30": 2.6119287014,
        "31": 2.7077143192,
        "32": 2.6666827202,
        "33": 5.7668328285,
        "34": 5.4392848015,
        "35": 5.9961414337,
        "36": 5.3671650887,
        "37": 3.6481130123,
        "38": 3.8372535706,
        "39": 2.5021805763,
        "40": 5.905755043,
        "41": 19.0672664642,
        "42": 8.5190439224,
        "43": 27.75573349,
        "44": 27.7242469788,
        "45": 30.5606021881,
        "46": 31.9221782684,
        "47": 31.2993087769,
        "48": 28.441444397,
        "49": 28.1479187012
    },
    "training_times": {
        "0": 1.1173782349,
        "1": 0.6172230244,
        "2": 2.8191795349,
        "3": 0.8156273365,
        "4": 0.8062689304,
        "5": 0.8539295197,
        "6": 0.9414947033,
        "7": 3.2728888988,
        "8": 0.7749199867,
        "9": 1.0069715977,
        "10": 0.7390267849,
        "11": 2.610943079,
        "12": 2.9519910812,
        "13": 0.5217704773,
        "14": 5.419552803,
        "15": 0.8063197136,
        "16": 0.7073917389,
        "17": 0.7779860497,
        "18": 0.8315391541,
        "19": 0.7024097443,
        "20": 2.7406983376,
        "21": 1.3368537426,
        "22": 0.7991809845,
        "23": 0.7510075569,
        "24": 0.8883941174,
        "25": 0.7570738792,
        "26": 0.8795778751,
        "27": 0.6723952293,
        "28": 0.8786506653,
        "29": 2.5200731754,
        "30": 2.8572156429,
        "31": 2.6158118248,
        "32": 2.8430864811,
        "33": 2.0397422314,
        "34": 1.8945195675,
        "35": 2.0924637318,
        "36": 1.9865071774,
        "37": 1.1839909554,
        "38": 1.2618517876,
        "39": 1.4546239376,
        "40": 0.8132612705,
        "41": 0.9258410931,
        "42": 23.0923037529,
        "43": 1.3196275234,
        "44": 1.9516699314,
        "45": 1.2433784008,
        "46": 1.1565377712,
        "47": 0.6640870571,
        "48": 0.7623500824,
        "49": 0.9178977013
    },
    "rel_time": {
        "0": 0.0483874735,
        "1": 0.0267285166,
        "2": 0.1220830786,
        "3": 0.0353203104,
        "4": 0.0349150496,
        "5": 0.0369789662,
        "6": 0.0407709301,
        "7": 0.1417307227,
        "8": 0.0335575002,
        "9": 0.0436063724,
        "10": 0.032003164,
        "11": 0.1130655091,
        "12": 0.1278344124,
        "13": 0.0225949945,
        "14": 0.2346908676,
        "15": 0.0349172487,
        "16": 0.0306332251,
        "17": 0.0336902744,
        "18": 0.0360093632,
        "19": 0.0304174825,
        "20": 0.1186844919,
        "21": 0.0578917442,
        "22": 0.0346081098,
        "23": 0.032521985,
        "24": 0.0384714374,
        "25": 0.0327846839,
        "26": 0.0380896547,
        "27": 0.0291177198,
        "28": 0.0380495023,
        "29": 0.1091304359,
        "30": 0.1237302122,
        "31": 0.1132763475,
        "32": 0.1231183563,
        "33": 0.0883299585,
        "34": 0.0820411678,
        "35": 0.0906130352,
        "36": 0.0860246426,
        "37": 0.0512721021,
        "38": 0.0546438242,
        "39": 0.0629917202,
        "40": 0.0352178492,
        "41": 0.0400930588,
        "42": 1.0,
        "43": 0.0571457719,
        "44": 0.0845160341,
        "45": 0.053843844,
        "46": 0.0500832565,
        "47": 0.0287579388,
        "48": 0.0330131671,
        "49": 0.0397490745
    },
    "optimal_n_estimators": {
        "0": 58,
        "1": 173,
        "2": 113,
        "3": 107,
        "4": 118,
        "5": 56,
        "6": 144,
        "7": 115,
        "8": 90,
        "9": 427,
        "10": 411,
        "11": 126,
        "12": 266,
        "13": 180,
        "14": 88,
        "15": 90,
        "16": 511,
        "17": 511,
        "18": 511,
        "19": 511,
        "20": 57,
        "21": 114,
        "22": 501,
        "23": 501,
        "24": 501,
        "25": 501,
        "26": 43,
        "27": 41,
        "28": 87,
        "29": 516,
        "30": 516,
        "31": 516,
        "32": 516,
        "33": 369,
        "34": 369,
        "35": 369,
        "36": 369,
        "37": 132,
        "38": 100,
        "39": 155,
        "40": 61,
        "41": 116,
        "42": 141,
        "43": 600,
        "44": 600,
        "45": 600,
        "46": 600,
        "47": 1,
        "48": 1,
        "49": 1
    },
    "rel_optimal_n_estimators": {
        "0": 0.0966666667,
        "1": 0.2883333333,
        "2": 0.1883333333,
        "3": 0.1783333333,
        "4": 0.1966666667,
        "5": 0.0933333333,
        "6": 0.24,
        "7": 0.1916666667,
        "8": 0.15,
        "9": 0.7116666667,
        "10": 0.685,
        "11": 0.21,
        "12": 0.4433333333,
        "13": 0.3,
        "14": 0.1466666667,
        "15": 0.15,
        "16": 0.8516666667,
        "17": 0.8516666667,
        "18": 0.8516666667,
        "19": 0.8516666667,
        "20": 0.095,
        "21": 0.19,
        "22": 0.835,
        "23": 0.835,
        "24": 0.835,
        "25": 0.835,
        "26": 0.0716666667,
        "27": 0.0683333333,
        "28": 0.145,
        "29": 0.86,
        "30": 0.86,
        "31": 0.86,
        "32": 0.86,
        "33": 0.615,
        "34": 0.615,
        "35": 0.615,
        "36": 0.615,
        "37": 0.22,
        "38": 0.1666666667,
        "39": 0.2583333333,
        "40": 0.1016666667,
        "41": 0.1933333333,
        "42": 0.235,
        "43": 1.0,
        "44": 1.0,
        "45": 1.0,
        "46": 1.0,
        "47": 0.0016666667,
        "48": 0.0016666667,
        "49": 0.0016666667
    },
    "ngenes_start": {
        "0": 19,
        "1": 19,
        "2": 19,
        "3": 19,
        "4": 21,
        "5": 21,
        "6": 19,
        "7": 19,
        "8": 21,
        "9": 19,
        "10": 8,
        "11": 21,
        "12": 21,
        "13": 19,
        "14": 19,
        "15": 21,
        "16": 19,
        "17": 19,
        "18": 19,
        "19": 19,
        "20": 19,
        "21": 21,
        "22": 21,
        "23": 21,
        "24": 21,
        "25": 21,
        "26": 21,
        "27": 21,
        "28": 21,
        "29": 19,
        "30": 19,
        "31": 19,
        "32": 19,
        "33": 21,
        "34": 21,
        "35": 21,
        "36": 21,
        "37": 21,
        "38": 21,
        "39": 21,
        "40": 19,
        "41": 21,
        "42": 35,
        "43": 19,
        "44": 19,
        "45": 19,
        "46": 21,
        "47": 19,
        "48": 21,
        "49": 19
    },
    "ngenes_max": {
        "0": 99900,
        "1": 100000000,
        "2": 100000000,
        "3": 100000000,
        "4": 100000000,
        "5": 100000000,
        "6": 100000000,
        "7": 100000000,
        "8": 100000000,
        "9": 100000000,
        "10": 100000000,
        "11": 100000000,
        "12": 100000000,
        "13": 100000000,
        "14": 99899,
        "15": 100000000,
        "16": 100000000,
        "17": 100000000,
        "18": 100000000,
        "19": 100000000,
        "20": 100000000,
        "21": 99900,
        "22": 100000000,
        "23": 100000000,
        "24": 100000000,
        "25": 100000000,
        "26": 99900,
        "27": 99900,
        "28": 99900,
        "29": 100000000,
        "30": 100000000,
        "31": 100000000,
        "32": 100000000,
        "33": 100000000,
        "34": 100000000,
        "35": 100000000,
        "36": 100000000,
        "37": 99900,
        "38": 99900,
        "39": 99900,
        "40": 100000000,
        "41": 100000000,
        "42": 100000000,
        "43": 100000000,
        "44": 100000000,
        "45": 100000000,
        "46": 100000000,
        "47": 100000000,
        "48": 100000000,
        "49": 100000000
    },
    "ngenes": {
        "0": 6,
        "1": 8,
        "2": 4,
        "3": 3,
        "4": 3,
        "5": 6,
        "6": 8,
        "7": 9,
        "8": 44,
        "9": 6,
        "10": 8,
        "11": 6,
        "12": 3,
        "13": 7,
        "14": 13,
        "15": 31,
        "16": 12,
        "17": 12,
        "18": 12,
        "19": 12,
        "20": 9,
        "21": 6,
        "22": 12,
        "23": 12,
        "24": 12,
        "25": 12,
        "26": 10,
        "27": 9,
        "28": 18,
        "29": 14,
        "30": 14,
        "31": 14,
        "32": 14,
        "33": 12,
        "34": 12,
        "35": 12,
        "36": 12,
        "37": 20,
        "38": 13,
        "39": 26,
        "40": 39,
        "41": 21,
        "42": 32,
        "43": 25,
        "44": 25,
        "45": 5,
        "46": 6,
        "47": 1,
        "48": 1,
        "49": 2
    },
    "nfeatures_max": {
        "0": 99900,
        "1": 100000000,
        "2": 100000000,
        "3": 100000000,
        "4": 100000000,
        "5": 100000000,
        "6": 100000000,
        "7": 100000000,
        "8": 100000000,
        "9": 100000000,
        "10": 100000000,
        "11": 100000000,
        "12": 100000000,
        "13": 100000000,
        "14": 99899,
        "15": 100000000,
        "16": 100000000,
        "17": 100000000,
        "18": 100000000,
        "19": 100000000,
        "20": 100000000,
        "21": 99900,
        "22": 100000000,
        "23": 100000000,
        "24": 100000000,
        "25": 100000000,
        "26": 99900,
        "27": 99900,
        "28": 99900,
        "29": 100000000,
        "30": 100000000,
        "31": 100000000,
        "32": 100000000,
        "33": 100000000,
        "34": 100000000,
        "35": 100000000,
        "36": 100000000,
        "37": 99900,
        "38": 99900,
        "39": 99900,
        "40": 100000000,
        "41": 100000000,
        "42": 100000000,
        "43": 100000000,
        "44": 100000000,
        "45": 100000000,
        "46": 100000000,
        "47": 100000000,
        "48": 100000000,
        "49": 100000000
    },
    "nfeatures": {
        "0": 6,
        "1": 8,
        "2": 4,
        "3": 3,
        "4": 3,
        "5": 6,
        "6": 8,
        "7": 8,
        "8": 44,
        "9": 6,
        "10": 8,
        "11": 6,
        "12": 3,
        "13": 7,
        "14": 11,
        "15": 31,
        "16": 12,
        "17": 12,
        "18": 12,
        "19": 12,
        "20": 8,
        "21": 6,
        "22": 12,
        "23": 12,
        "24": 12,
        "25": 12,
        "26": 9,
        "27": 9,
        "28": 18,
        "29": 14,
        "30": 14,
        "31": 14,
        "32": 14,
        "33": 12,
        "34": 12,
        "35": 12,
        "36": 12,
        "37": 20,
        "38": 13,
        "39": 26,
        "40": 41,
        "41": 21,
        "42": 54,
        "43": 26,
        "44": 25,
        "45": 4,
        "46": 6,
        "47": 1,
        "48": 1,
        "49": 1
    },
    "rel_scores": {
        "0": 1.0,
        "1": 0.9940763143,
        "2": 0.9869726896,
        "3": 0.9853220214,
        "4": 0.9808295442,
        "5": 0.9619797725,
        "6": 0.9598779299,
        "7": 0.9387049271,
        "8": 0.9267113406,
        "9": 0.9136994719,
        "10": 0.8958715051,
        "11": 0.8939239207,
        "12": 0.8691493895,
        "13": 0.8425296763,
        "14": 0.8414137732,
        "15": 0.8402993225,
        "16": 0.8375659051,
        "17": 0.8375659051,
        "18": 0.8375659051,
        "19": 0.8375659051,
        "20": 0.8188078082,
        "21": 0.8078139652,
        "22": 0.7583362603,
        "23": 0.7583362603,
        "24": 0.7583362603,
        "25": 0.7583362603,
        "26": 0.753109061,
        "27": 0.7135983495,
        "28": 0.6922424931,
        "29": 0.6834009938,
        "30": 0.6834009938,
        "31": 0.6834009938,
        "32": 0.6834009938,
        "33": 0.6653861772,
        "34": 0.6653861772,
        "35": 0.6653861772,
        "36": 0.6653861772,
        "37": 0.6531436812,
        "38": 0.5965139805,
        "39": 0.5040991436,
        "40": 0.4136160326,
        "41": 0.1499951385,
        "42": 0.1385194691,
        "43": 0.0360069275,
        "44": 0.0360066057,
        "45": 0.0360039281,
        "46": 0.0360039051,
        "47": 0.0360008948,
        "48": 0.0360008948,
        "49": 0.0360008948
    },
    "complexity": {
        "0": 18.56,
        "1": 203.4056282407,
        "2": 771.4133333333,
        "3": 169.181854819,
        "4": 9.44,
        "5": 101.3708281509,
        "6": 607.1573107523,
        "7": 1766.4,
        "8": 844.8,
        "9": 136.64,
        "10": 350.72,
        "11": 1290.24,
        "12": 663.4447413312,
        "13": 117.3935688187,
        "14": 1952.4266666667,
        "15": 595.2,
        "16": 901.2162661648,
        "17": 901.2162661648,
        "18": 901.2162661648,
        "19": 901.2162661648,
        "20": 3502.08,
        "21": 18.24,
        "22": 883.5799400167,
        "23": 883.5799400167,
        "24": 883.5799400167,
        "25": 883.5799400167,
        "26": 174.15,
        "27": 9.84,
        "28": 83.52,
        "29": 3807.3823028427,
        "30": 3807.3823028427,
        "31": 3807.3823028427,
        "32": 3807.3823028427,
        "33": 2333.7609132043,
        "34": 2333.7609132043,
        "35": 2333.7609132043,
        "36": 2333.7609132043,
        "37": 140.8,
        "38": 280.8905975247,
        "39": 1719.4666666667,
        "40": 4060.16,
        "41": 1283.8847300284,
        "42": 9600.0,
        "43": 7905.6941504209,
        "44": 12470.7658144959,
        "45": 440.908153701,
        "46": 384.0,
        "47": 0.0266666667,
        "48": 0.8533333333,
        "49": 1.6627687753
    },
    "z-score": {
        "0": 0.0,
        "1": 0.2724623604,
        "2": 0.6035091525,
        "3": 0.681117903,
        "4": 0.8936616807,
        "5": 1.8071034178,
        "6": 1.9111798681,
        "7": 2.9855936883,
        "8": 3.6159842963,
        "9": 4.3186132745,
        "10": 5.3144472848,
        "11": 5.4256420223,
        "12": 6.8835989464,
        "13": 8.545702096,
        "14": 8.6176744805,
        "15": 8.6897439708,
        "16": 8.8673211686,
        "17": 8.8673211686,
        "18": 8.8673211686,
        "19": 8.8673211686,
        "20": 10.1179315935,
        "21": 10.8778910702,
        "22": 14.5708170415,
        "23": 14.5708170415,
        "24": 14.5708170415,
        "25": 14.5708170415,
        "26": 14.9893056154,
        "27": 18.3508385909,
        "28": 20.3275311879,
        "29": 21.1820591775,
        "30": 21.1820591775,
        "31": 21.1820591775,
        "32": 21.1820591775,
        "33": 22.9934605883,
        "34": 22.9934605883,
        "35": 22.9934605883,
        "36": 22.9934605883,
        "37": 24.2814779074,
        "38": 30.9273066436,
        "39": 44.9793457923,
        "40": 64.8214824184,
        "41": 259.106591903,
        "42": 284.3602479711,
        "43": 1224.1146193048,
        "44": 1224.125968033,
        "45": 1224.220405664,
        "46": 1224.2212162874,
        "47": 1224.3274079583,
        "48": 1224.3274079583,
        "49": 1224.3274079583
    },
    "isbest": {
        "0": "*",
        "1": "",
        "2": "",
        "3": "",
        "4": "",
        "5": "",
        "6": "",
        "7": "",
        "8": "",
        "9": "",
        "10": "",
        "11": "",
        "12": "",
        "13": "",
        "14": "",
        "15": "",
        "16": "",
        "17": "",
        "18": "",
        "19": "",
        "20": "",
        "21": "",
        "22": "",
        "23": "",
        "24": "",
        "25": "",
        "26": "",
        "27": "",
        "28": "",
        "29": "",
        "30": "",
        "31": "",
        "32": "",
        "33": "",
        "34": "",
        "35": "",
        "36": "",
        "37": "",
        "38": "",
        "39": "",
        "40": "",
        "41": "",
        "42": "",
        "43": "",
        "44": "",
        "45": "",
        "46": "",
        "47": "",
        "48": "",
        "49": ""
    },
    "good": {
        "0": "+",
        "1": "",
        "2": "",
        "3": "",
        "4": "",
        "5": "",
        "6": "",
        "7": "",
        "8": "",
        "9": "",
        "10": "",
        "11": "",
        "12": "",
        "13": "",
        "14": "",
        "15": "",
        "16": "",
        "17": "",
        "18": "",
        "19": "",
        "20": "",
        "21": "",
        "22": "",
        "23": "",
        "24": "",
        "25": "",
        "26": "",
        "27": "",
        "28": "",
        "29": "",
        "30": "",
        "31": "",
        "32": "",
        "33": "",
        "34": "",
        "35": "",
        "36": "",
        "37": "",
        "38": "",
        "39": "",
        "40": "",
        "41": "",
        "42": "",
        "43": "",
        "44": "",
        "45": "",
        "46": "",
        "47": "",
        "48": "",
        "49": ""
    }
}